Name,Ingredients,Customer,Reason,Instructions
Alice's Spicy Fiesta Bowl,"[""Rice"",""Onion"",""Bell pepper"",""Jalapeño"",""Black beans"",""Corn"",""Diced tomatoes"",""Chili powder"",""Cumin"",""Cayenne pepper"",""Avocado"",""Sour cream""]",Alice Smith,"This recipe is tailored for Alice, a 32-year-old teacher from the USA who enjoys spicy food. The fiesta bowl incorporates bold flavors and is easy to prepare, fitting her busy lifestyle.","1. Cook rice according to package instructions. 2. Sauté diced onions, bell peppers, and jalapeños until softened. 3. Add black beans, corn, and diced tomatoes. Season with chili powder, cumin, and cayenne pepper. 4. Simmer for 10 minutes. 5. Serve over rice and top with avocado and a dollop of sour cream."
Bob's Maple Glazed Salmon,"[""Salmon fillets"",""Maple syrup"",""Dijon mustard"",""Lemon juice""]",Bob Johnson,"This recipe is perfect for Bob, a 45-year-old engineer from Canada with a sweet tooth. The maple glaze adds a touch of sweetness to the savory salmon, creating a balanced and delicious meal.","1. Preheat oven to 400°F (200°C). 2. In a small bowl, whisk together maple syrup, Dijon mustard, and lemon juice. 3. Place salmon fillets on a baking sheet lined with parchment paper. 4. Brush the maple glaze over the salmon. 5. Bake for 12-15 minutes, or until salmon is cooked through."
Charlie's Shepherd's Pie with a Twist,"[""Ground lamb"",""Carrots"",""Peas"",""Onions"",""Beef broth"",""Worcestershire sauce"",""Sweet potatoes""]",Charlie Brown,"This recipe suits Charlie, a 28-year-old artist from the UK who appreciates savory dishes. The use of sweet potatoes adds a unique twist to the classic shepherd's pie, providing a satisfying and flavorful meal.","1. Brown ground lamb in a skillet. Drain excess fat. 2. Add diced carrots, peas, and onions to the skillet and cook until softened. 3. Stir in beef broth and Worcestershire sauce. Simmer for 15 minutes. 4. Top with mashed sweet potatoes instead of regular potatoes. 5. Bake in a preheated oven at 375°F (190°C) for 20 minutes, or until golden brown."
David's Lemon Herb Roasted Chicken,"[""Whole chicken"",""Lemon juice"",""Olive oil"",""Garlic"",""Rosemary"",""Thyme""]",David Lee,"This recipe is ideal for David, a 51-year-old doctor from Australia who enjoys sour flavors. The lemon and herbs create a tangy and refreshing flavor profile, perfect for a light and healthy meal.","1. Preheat oven to 425°F (220°C). 2. In a bowl, mix together lemon juice, olive oil, garlic, rosemary, and thyme. 3. Rub the mixture all over the chicken. 4. Place the chicken in a roasting pan and roast for 1 hour and 15 minutes, or until the internal temperature reaches 165°F (74°C)."
Emily's Dashi Infused Risotto,"[""Arborio rice"",""Dashi broth"",""Olive oil"",""Parmesan cheese"",""Butter"",""Soy sauce"",""Nori seaweed""]",Emily Davis,"This recipe is designed for Emily, a 39-year-old chef from Japan with a preference for umami flavors. The dashi broth infuses the risotto with a rich and savory taste, creating a sophisticated and flavorful dish.","1. Prepare dashi broth. 2. In a saucepan, sauté Arborio rice in olive oil until translucent. 3. Gradually add warm dashi broth, stirring constantly, until absorbed. 4. Stir in grated Parmesan cheese and a knob of butter. 5. Season with soy sauce and garnish with nori seaweed."
Bitter Greens Salad with Grapefruit and Dark Chocolate,"[""Radicchio"",""Endive"",""Arugula"",""Grapefruit"",""Dark Chocolate""]",Frank Wilson,"This recipe features bitter flavors to match Frank's taste preference. The salad is light and refreshing, suitable for a student.","1. Wash and dry the radicchio, endive, and arugula. 2. Peel and segment the grapefruit. 3. Combine the greens and grapefruit in a bowl. 4. Drizzle with a light vinaigrette. 5. Shave dark chocolate over the salad before serving."
Chicken and Vegetable Bake with Herbes de Provence,"[""Chicken Breast"",""Potatoes"",""Carrots"",""Green Beans"",""Herbes de Provence""]",Grace Garcia,"This recipe offers a mild and comforting meal, suitable for a retired individual. It is a classic French dish with simple flavors.","1. Preheat oven to 375°F (190°C). 2. Chop potatoes and carrots into bite-sized pieces. 3. Arrange chicken breast, potatoes, carrots, and green beans in a baking dish. 4. Sprinkle with Herbes de Provence. 5. Bake for 45-50 minutes, or until chicken is cooked through."
Bacalao with Potatoes and Olives,"[""Salt Cod (Bacalao)"",""Potatoes"",""Onions"",""Garlic"",""Olive Oil"",""Black Olives""]",Henry Rodriguez,"This recipe incorporates salty flavors to satisfy Henry's preference. It is a traditional Spanish dish, providing a taste of his homeland.","1. Soak salt cod in water for 24 hours, changing the water several times. 2. Boil potatoes until tender. 3. Sauté onions and garlic in olive oil until softened. 4. Flake the salt cod and add it to the pan. 5. Combine with potatoes and olives. Serve warm."
Lemon Artichoke Pasta,"[""Lemon"",""Artichokes"",""Parmesan Cheese"",""Olive Oil"",""Garlic"",""Pasta""]",Ivy Williams,This recipe offers a tangy flavor to suit Ivy's preference. The dish is a classic Italian combination of lemon and artichoke.,1. Cook pasta according to package directions. 2. Sauté garlic in olive oil. 3. Add artichoke hearts and lemon juice. 4. Toss with cooked pasta. 5. Sprinkle with Parmesan cheese before serving.
Smoky Black Bean and Corn Salad with Avocado,"[""Black Beans"",""Smoked Paprika"",""Chipotle Peppers"",""Corn"",""Avocado"",""Lime""]",Jack Jones,"This recipe features smoky flavors to align with Jack's taste preference. It is inspired by Brazilian flavors, offering a satisfying and flavorful meal for a programmer.",1. Sauté black beans with smoked paprika and chipotle peppers. 2. Add corn and cook until heated through. 3. Serve with diced avocado and a squeeze of lime.
Epazote and Queso Fresco Tortillas,"[""2 cups masa harina"",""1 1/2 cups warm water"",""1/4 cup fresh epazote leaves, chopped"",""1/2 cup queso fresco, crumbled"",""Salt to taste"",""Your favorite salsa""]",Karen Martinez,"This recipe suits Karen Martinez because it incorporates traditional Mexican flavors and caters to her herbal taste preference with the inclusion of epazote. The tortillas provide a familiar and comforting base, while the queso fresco adds a touch of richness.","1. In a large bowl, mix masa harina with warm water until a soft dough forms. Let it rest for 5 minutes.
2. Divide the dough into small balls and flatten each into a tortilla shape using a tortilla press or rolling pin.
3. Cook the tortillas on a hot griddle until lightly browned on both sides.
4. In a separate pan, sauté the epazote with a little oil until fragrant.
5. Fill each tortilla with the sautéed epazote and a sprinkle of queso fresco.
6. Serve warm with your favorite salsa."
Lychee Martini,"[""2 oz vodka"",""1 oz lychee liqueur"",""3/4 oz fresh lemon juice"",""1/2 oz simple syrup"",""Lychee fruit or lemon twist for garnish""]",Liam Anderson,"This Lychee Martini is perfect for Liam Anderson as it aligns with his fruity taste preference. The lychee liqueur provides a sweet and exotic flavor, creating a refreshing and enjoyable cocktail. The presentation is also modern and appealing.","1. In a shaker, combine the vodka, lychee liqueur, lemon juice, and simple syrup.
2. Add ice and shake well until chilled.
3. Strain into a chilled martini glass.
4. Garnish with a lychee fruit or a lemon twist."
Shiitake and Barley Soup with Truffle Oil,"[""1 cup dried shiitake mushrooms"",""4 cups vegetable broth"",""1/2 cup cooked barley"",""1 tbsp sesame oil"",""1 tsp grated ginger"",""1 tbsp soy sauce"",""Black pepper to taste"",""Chopped parsley for garnish"",""Truffle oil for drizzling""]",Mia Thomas,"This soup is tailored for Mia Thomas as it caters to her earthy taste preference with the use of shiitake mushrooms and truffle oil. The barley adds a hearty texture, while the ginger provides a subtle warmth. It's a sophisticated and comforting dish.","1. Soak the dried shiitake mushrooms in warm water for 20 minutes, then slice them.
2. In a pot, sauté the sliced shiitake mushrooms and chopped ginger in sesame oil until fragrant.
3. Add the vegetable broth and bring to a simmer.
4. Stir in the cooked barley and season with soy sauce and black pepper.
5. Simmer for 10 minutes to allow the flavors to meld.
6. Garnish with chopped parsley and a drizzle of truffle oil before serving."
Chamomile and Elderflower Cocktail,"[""2 oz chamomile tea (cooled)"",""1.5 oz gin"",""1 oz elderflower liqueur"",""0.75 oz fresh lemon juice"",""Edible flower or lemon twist for garnish""]",Noah Jackson,"This cocktail is designed for Noah Jackson as it features floral notes from chamomile and elderflower, aligning perfectly with his floral taste preference. The gin adds a touch of complexity, while the lemon juice provides a refreshing balance. It's an elegant and aromatic drink.","1. Steep the chamomile tea bags in hot water for 5 minutes, then remove the tea bags.
2. In a shaker, combine the chamomile tea, gin, elderflower liqueur, and lemon juice.
3. Add ice and shake well until chilled.
4. Strain into a coupe glass.
5. Garnish with a fresh edible flower or a lemon twist."
Creamy Gruyère Potatoes,"[""2 lbs Yukon Gold potatoes, peeled and diced"",""1 cup heavy cream"",""1/2 cup milk"",""4 oz Gruyère cheese, grated"",""2 tbsp butter"",""Salt to taste"",""White pepper to taste"",""Chopped chives for garnish""]",Olivia White,"This dish is tailored for Olivia White, catering to her creamy taste preference with a rich and indulgent potato dish. The Gruyère cheese adds a nutty and complex flavor, while the cream and butter create a smooth and luxurious texture. It's a comforting and satisfying side dish.","1. In a saucepan, melt the butter over medium heat.
2. Add the diced potatoes and cook until softened, about 10 minutes.
3. Pour in the heavy cream and milk, then bring to a simmer.
4. Stir in the grated Gruyère cheese and season with salt and white pepper.
5. Simmer until the cheese is melted and the sauce has thickened slightly.
6. Garnish with chopped chives before serving."
Citrus Burst Salad,"[""Mixed salad greens"",""1 Lemon"",""1 Orange"",""2 tbsp Olive oil"",""1 tbsp Honey"",""Salt"",""Fresh mint leaves""]",Peter Harris,"This salad is perfect for Peter Harris as it caters to his citrusy taste preference. The combination of lemon and orange provides a refreshing and zesty flavor that he will enjoy. Additionally, the light and healthy ingredients align well with a writer's need for energy and focus.","1. Zest and juice the lemon and orange.
2. In a bowl, whisk together the citrus zest and juice, olive oil, honey, and a pinch of salt.
3. Toss the salad greens with the citrus vinaigrette.
4. Garnish with orange segments and fresh mint leaves."
Minty Cucumber Yogurt Cooler,"[""1 cup Fresh mint leaves"",""1/2 Cucumber"",""1 cup Greek yogurt"",""Salt"",""Pepper""]",Quinn Martin,"This recipe is tailored for Quinn Martin, a musician with a preference for minty flavors. The Minty Cucumber Yogurt Cooler provides a refreshing and soothing experience, perfect for a musician seeking relaxation and creativity. The cool and light nature of the drink is ideal for maintaining focus and inspiration.","1. Combine the mint leaves, cucumber, and yogurt in a blender.
2. Blend until smooth.
3. Add a pinch of salt and pepper to taste.
4. Serve chilled, garnished with extra mint leaves."
Nutty Energy Bites,"[""1 cup Almond flour"",""1/2 cup Peanut butter"",""1/4 cup Honey"",""Salt""]",Rachel Thompson,"This recipe is designed for Rachel Thompson, an intern with a nutty taste preference. The Nutty Energy Bites are packed with almond flour and peanut butter, providing a satisfying and nutritious snack. These energy bites are perfect for a young professional needing a quick and healthy boost during a busy day.","1. Preheat oven to 350°F (175°C).
2. In a bowl, mix together almond flour, peanut butter, honey, and a pinch of salt.
3. Roll the mixture into small balls and place them on a baking sheet.
4. Bake for 10-12 minutes, or until golden brown.
5. Let cool before serving."
Rich Dark Chocolate Indulgence,"[""1/2 cup Butter"",""1 cup Heavy cream"",""8 oz Dark chocolate"",""1 tsp Espresso powder"",""1 tsp Vanilla extract""]",Samuel Garcia,"This recipe is crafted for Samuel Garcia, a CEO with a preference for rich flavors. The Rich Dark Chocolate Indulgence provides a decadent and luxurious experience, perfect for someone who appreciates high-quality ingredients and intense flavors. The dark chocolate and espresso powder create a sophisticated and satisfying treat.","1. Melt the butter in a saucepan over medium heat.
2. Add the heavy cream and chocolate, stirring until smooth.
3. Stir in the espresso powder and vanilla extract.
4. Pour the chocolate sauce over ice cream or use as a dip for fruit."
Delicate Poached Salmon with Asparagus,"[""1 Salmon fillet"",""1 bunch Asparagus"",""1 Lemon"",""1 tbsp Olive oil"",""Salt"",""Pepper""]",Taylor Perez,"This recipe is designed for Taylor Perez, an analyst with a preference for delicate flavors. The Poached Salmon with Asparagus offers a light and refined taste, perfect for someone who appreciates subtle and well-balanced dishes. The delicate flavors of the salmon and asparagus, combined with the lemon juice, create a sophisticated and healthy meal.","1. Gently poach the salmon fillet in simmering water or broth until cooked through.
2. Steam the asparagus until tender-crisp.
3. Drizzle the salmon and asparagus with lemon juice and olive oil.
4. Season with salt and pepper to taste.
5. Serve immediately."
Norwegian Baked Cod with Bold Mustard Cream,"[""Cod fillets"",""Potatoes"",""Onions"",""Carrots"",""Bacon"",""Butter"",""Cream"",""Mustard"",""Salt"",""Pepper""]",Uma Wilson,"Uma enjoys bold flavors, and this Norwegian-inspired cod dish incorporates strong flavors from bacon and mustard. The creamy sauce complements the fish and vegetables, creating a hearty and flavorful meal suitable for a researcher from Norway.","1. Preheat oven to 200°C.
2. Cut potatoes, onions, and carrots into even pieces.
3. Fry bacon until crispy.
4. In a baking dish, layer potatoes, onions, carrots, and bacon.
5. Place cod fillets on top.
6. In a saucepan, melt butter and mix in cream and mustard. Season with salt and pepper.
7. Pour sauce over the dish.
8. Bake for 20-25 minutes, or until cod is cooked through and vegetables are tender."
Simple Finnish Salmon with Dill,"[""Salmon fillet"",""Dill"",""Lemon"",""Potatoes"",""Asparagus"",""Olive oil"",""Salt"",""Pepper""]",Victor Ramirez,"Victor prefers subtle flavors, so this simple salmon dish with dill and lemon is perfect. The dish is light, healthy, and easy to prepare, ideal for a developer from Finland who appreciates understated tastes.","1. Preheat oven to 180°C.
2. Place salmon fillet on a baking sheet.
3. Season with salt, pepper, and fresh dill.
4. Squeeze lemon juice over the salmon.
5. Roast in the oven for 12-15 minutes, or until cooked through.
6. While salmon is roasting, boil potatoes until tender.
7. Steam asparagus until bright green and slightly tender.
8. Drizzle potatoes and asparagus with olive oil and season with salt and pepper.
9. Serve salmon with potatoes and asparagus."
Portuguese Bacalhau à Brás,"[""Bacalhau (salt cod)"",""Potatoes"",""Onions"",""Garlic"",""Bay leaves"",""Olive oil"",""Black olives"",""Eggs"",""Parsley""]",Wendy Flores,"Wendy enjoys complex flavors. This traditional Portuguese Bacalhau à Brás recipe offers a mix of textures and tastes. The salt cod provides a unique flavor, combined with potatoes, onions, olives, and eggs, creating a layered and satisfying dish suitable for an editor from Portugal.","1. Soak bacalhau in water for 24-48 hours, changing the water frequently.
2. Boil the bacalhau and potatoes separately until tender.
3. Sauté onions and garlic in olive oil until softened.
4. Flake the bacalhau and combine with the potatoes, onions, and garlic.
5. Add bay leaves and black olives.
6. Scramble eggs and mix into the bacalhau mixture.
7. Garnish with fresh parsley and serve."
Simple Greek Tzatziki with Pita,"[""Greek yogurt"",""Cucumber"",""Garlic"",""Olive oil"",""Lemon juice"",""Dill"",""Pita bread"",""Salt"",""Pepper""]",Xavier Green,"Xavier likes simple flavors, and this classic Greek tzatziki is a refreshing and straightforward dish. It requires minimal ingredients and preparation. The cool yogurt, cucumber, and dill create a light and tasty dip, perfect for a technician from Greece who appreciates simplicity.","1. Grate the cucumber and squeeze out excess water.
2. Mince garlic and chop fresh dill.
3. In a bowl, combine Greek yogurt, cucumber, garlic, dill, olive oil, and lemon juice.
4. Season with salt and pepper to taste.
5. Serve with warm pita bread."
Warm Polish Cabbage Stew (Kapusta),"[""Cabbage"",""Kielbasa sausage"",""Onions"",""Carrots"",""Tomato paste"",""Bay leaf"",""Allspice berries"",""Beef broth"",""Salt"",""Pepper""]",Yara Hall,"Yara prefers warm flavors, and this Polish cabbage stew (Kapusta) offers a comforting and hearty meal. The combination of cabbage, kielbasa, and spices creates a warm and satisfying dish suitable for a pharmacist from Poland.","1. Shred the cabbage and chop onions and carrots.
2. Slice kielbasa sausage into rounds.
3. In a large pot, sauté onions and carrots until softened.
4. Add kielbasa and cook until lightly browned.
5. Add cabbage, tomato paste, bay leaf, and allspice berries.
6. Pour in beef broth and season with salt and pepper.
7. Bring to a boil, then reduce heat and simmer for at least 1 hour, or until cabbage is tender."
Hungarian Cucumber Salad,"[""Cucumber"",""Sour cream"",""Dill"",""Garlic"",""Vinegar"",""Salt"",""Pepper""]",Zachary Scott,"This cool and refreshing salad is perfect for Zachary's preference for 'cool' tastes. As a mechanic, he might appreciate a light and easy-to-prepare meal after a long day.","1. Peel and thinly slice the cucumber. 2. In a bowl, mix sour cream, chopped dill, minced garlic, vinegar, salt, and pepper. 3. Add the cucumber slices to the bowl and mix well. 4. Refrigerate for at least 30 minutes before serving."
Spicy Irish Stew,"[""Lamb"",""Potatoes"",""Carrots"",""Onions"",""Beef broth"",""Chili flakes"",""Thyme"",""Bay leaf"",""Worcestershire sauce""]",Abigail Baker,"Abigail, from Ireland, enjoys 'hot' tastes. This stew is a spicier take on the traditional Irish stew, perfect for a librarian who appreciates a flavorful and comforting meal.","1. Cut the lamb into cubes. 2. In a large pot, brown the lamb. 3. Add chopped onions, carrots, and potatoes. 4. Pour in beef broth and add chili flakes, thyme, bay leaf, and Worcestershire sauce. 5. Simmer for 2-3 hours, or until the lamb is tender."
Czech Radler,"[""Pilsner beer"",""Lemon-lime soda"",""Lemon wedge (for garnish)""]",Benjamin King,"This refreshing drink is perfect for Benjamin's preference for 'refreshing' tastes. It's a light and hydrating beverage, ideal for a driver who needs to stay alert and refreshed on the road.","1. In a glass, mix equal parts pilsner beer and lemon-lime soda. 2. Stir gently. 3. Garnish with a lemon wedge. 4. Serve chilled."
Slovakian Creamy Cabbage Soup,"[""Cabbage"",""Potatoes"",""Onion"",""Smoked sausage"",""Sour cream"",""Dill"",""Vegetable broth"",""Salt"",""Pepper""]",Chloe Wright,This rich and creamy soup is suited to Chloe's preference for 'rich' tastes. A hearty and satisfying meal for a nurse who works long hours and needs comforting food.,"1. Chop the cabbage, potatoes, and onion. 2. Slice the smoked sausage. 3. In a pot, sauté the onion until softened. 4. Add the cabbage, potatoes, sausage, and vegetable broth. 5. Simmer until the vegetables are tender. 6. Stir in sour cream and dill. 7. Season with salt and pepper to taste."
Ukrainian Salad with Radishes and Herbs,"[""Radishes"",""Cucumber"",""Dill"",""Parsley"",""Green onions"",""Olive oil"",""Lemon juice"",""Salt"",""Pepper""]",Daniel Lopez,This light and fresh salad is perfect for Daniel's preference for 'light' tastes. It's easy to prepare and a healthy option for an assistant who wants a quick and nutritious meal.,"1. Thinly slice the radishes and cucumber. 2. Chop the dill, parsley, and green onions. 3. In a bowl, combine the radishes, cucumber, dill, parsley, and green onions. 4. Drizzle with olive oil and lemon juice. 5. Season with salt and pepper to taste. 6. Toss gently and serve immediately."
