Pokemon1,Pokemon2,Pokemon3,Story
Silvally,Anorith,Numel,"In the heart of a forgotten region, Silvally, Anorith, and Numel found themselves drawn together by a mysterious energy. Silvally, with its adaptable nature, sensed a disturbance in the balance of the land. Anorith, ancient and wise, detected echoes of a forgotten era. Numel, ever sensitive to the earth's tremors, felt an unsettling unrest beneath their feet. Together, they embarked on a quest to uncover the source of the disturbance, facing challenges that tested their individual strengths and forged an unbreakable bond between them."
Darkrai,Turtwig,Dedenne,"In a realm shrouded in perpetual twilight, Darkrai, the master of nightmares, found an unlikely alliance with Turtwig and Dedenne. Darkrai, usually a solitary figure, sensed a unique purity in Turtwig's connection to nature and Dedenne's innocent joy. Drawn together by a shared sense of vulnerability, they set out on a quest to confront a looming darkness that threatened to consume their world. Along the way, Darkrai learned to embrace the light, Turtwig discovered hidden depths within himself, and Dedenne's infectious optimism became their guiding star."
Skorupi,Hoppip,Registeel,"In a desolate landscape scarred by ancient battles, Skorupi, Hoppip, and Registeel found themselves united by a shared sense of resilience. Skorupi, with its venomous sting and cunning instincts, represented the will to survive. Hoppip, carried by the wind, symbolized hope and freedom. Registeel, an ancient guardian, embodied unwavering strength. Together, they embarked on a journey to restore balance to their shattered world, facing adversaries that tested their courage and challenged their beliefs."
Vanillite,Gyarados,Koffing,"In the bustling metropolis of a futuristic city, Vanillite, Gyarados, and Koffing formed an unlikely trio, each with their unique perspective on the world. Vanillite, with its pure heart and refreshing nature, brought joy to those around it. Gyarados, with its imposing presence and turbulent emotions, challenged the status quo. Koffing, with its toxic fumes and mischievous antics, added a touch of chaos to the mix. Together, they navigated the complexities of their urban environment, proving that even the most different individuals can find common ground and create something extraordinary."
Weepinbell,Charmeleon,Tropius,"In the lush, sun-drenched region of the south, Weepinbell, Charmeleon, and Tropius found themselves drawn together by a shared love for nature's bounty. Weepinbell, with its insatiable appetite and carnivorous instincts, played a vital role in the ecosystem. Charmeleon, with its fiery passion and love for adventure, brought excitement to their days. Tropius, with its gentle nature and nurturing spirit, provided sustenance and shelter for all. Together, they explored the wonders of their tropical paradise, protecting it from harm and celebrating the interconnectedness of all living things."
Pheromosa,Caterpie,Dragonite,"In a sun-drenched meadow, Pheromosa's lithe form darted with unmatched speed, its movements a blur against the green canvas. Suddenly, it paused, noticing a tiny Caterpie inching along a blade of grass. Above them, Dragonite, the gentle dragon, drifted lazily, its orange body a comforting presence in the vast sky. Pheromosa, driven by curiosity, approached the Caterpie, its antennae twitching with interest. Dragonite, sensing the interaction, descended softly, its massive shadow casting a cool respite from the sun. The unlikely trio spent the afternoon together, Pheromosa showcasing its agility, Caterpie its simple charm, and Dragonite its calming aura, proving that friendship knows no bounds, even in the diverse world of Pokémon."
Sceptile,Litleo,Thwackey,"Sceptile, the wise forest Pokémon, stood guard at the edge of a vibrant jungle. One day, a Litleo, full of youthful energy, stumbled into the area, its playful roars echoing through the trees. Nearby, Thwackey, with its rhythmic drumming, was practicing its beats. Intrigued by the new sounds, Litleo bounded towards Thwackey, sparking an impromptu jam session. Sceptile, initially wary, watched as the two Pokémon created a lively melody that filled the forest with joy. Eventually, Sceptile joined in, using its leafy arms to add a harmonious rustling to the beat, forming an unexpected band and celebrating the diverse sounds of nature."
Wingull,Cubchoo,Trumbeak,"Wingull soared high above the ocean, its keen eyes scanning the waters below. It spotted a small Cubchoo shivering on a distant iceberg, seemingly lost and alone. Wingull immediately alerted Trumbeak, who was perched on a nearby cliff, its loud calls carrying across the open sea. Trumbeak, with its powerful beak, began to carve a makeshift raft from driftwood, while Wingull guided it towards Cubchoo. Together, they rescued the freezing Pokémon, bringing it back to shore where it could warm up and find its way home, showcasing the importance of teamwork and compassion in the face of adversity."
Electivire,Zweilous,Inkay,"Electivire, a powerhouse of electricity, roamed a stormy mountain range, its body crackling with energy. Deep within a dark cave, Zweilous, with its two heads constantly bickering, stumbled upon Inkay, a curious Pokémon that seemed unfazed by their menacing appearance. Intrigued, Inkay used its psychic abilities to calm the warring heads of Zweilous, creating a moment of peace between them. Electivire, sensing the unusual stillness, cautiously approached the cave, only to find the once-hostile Zweilous now harmoniously coexisting with Inkay. The unexpected encounter taught Electivire that even the most volatile creatures can find balance with the help of understanding and empathy."
Wyrdeer,Ferrothorn,Fomantis,"In a mystical forest, Wyrdeer, with its psychic antlers, sensed a disturbance in the balance of nature. It discovered Ferrothorn, its thorny body entangled in vines, struggling to free itself. Nearby, Fomantis, a small grass Pokémon, watched helplessly. Wyrdeer, using its psychic powers, gently lifted the vines, allowing Fomantis to carefully cut them away with its sickle-like leaves, freeing Ferrothorn. Grateful, Ferrothorn offered its protection to Fomantis, while Wyrdeer continued its vigilant watch, ensuring the harmony of the forest remained undisturbed, highlighting the interconnectedness of all living things."
Eevee,Landorus-incarnate,Gastly,"In a hidden grove, Eevee, a small Pokémon with a bushy tail, stumbled upon a peculiar sight. A massive, muscular figure with orange skin and a fiery aura, Landorus, was levitating, seemingly in deep meditation. Suddenly, a mischievous Gastly popped out from behind a tree, its ghostly form giggling as it attempted to startle Landorus. Annoyed, Landorus unleashed a powerful gust of wind, sending Gastly tumbling away. Eevee, curious and concerned, approached Landorus cautiously. Landorus, surprised by the small Pokémon's courage, lowered himself to the ground. Eevee, using its Adaptability, quickly learned to understand Landorus's frustration with Gastly's pranks. The trio eventually formed an unlikely friendship, with Eevee acting as the peacemaker between the powerful Landorus and the playful Gastly, bringing balance and laughter to the grove."
Cramorant,Cofagrigus,Farfetchd,"Cramorant was soaring over the ocean, searching for its next meal. Suddenly, it spotted Farfetch'd, frantically flapping its wings as it was being pulled down by a mysterious force. Curious, Cramorant swooped down to investigate, only to find Farfetch'd entangled in an ancient, ornate coffin rising from the depths. The coffin was none other than Cofagrigus, a Pokémon known for trapping those who get too close. With a surge of adrenaline, Cramorant used its Gulp Missile ability, launching a barrage of water-filled projectiles at Cofagrigus. The coffin Pokémon, momentarily stunned, released Farfetch'd, allowing both flying Pokémon to escape. They soared away together, grateful for the unexpected rescue and the unlikely alliance formed amidst the chaos."
Popplio,Thwackey,Runerigus,"Popplio was practicing its aquatic acrobatics near an ancient ruin when it sensed an ominous presence. From the shadows, Runerigus emerged, its stone-like body radiating an eerie energy. Just as Popplio prepared to defend itself, Thwackey, a Grass-type Pokémon known for its rhythmic drumming, appeared, beating a frantic tempo on its stick. The sound seemed to agitate Runerigus, causing it to lash out erratically. Popplio, using its Liquid Voice ability, amplified the sound of Thwackey's drumming, creating a sonic wave that disrupted Runerigus's spectral power. Together, the unlikely duo managed to drive Runerigus back into the ruins, protecting their peaceful corner of the Pokémon world with their combined skills."
Cacnea,Togetic,Honchkrow,"Cacnea, a solitary desert dweller, was basking in the sun when it noticed Honchkrow, a large, crow-like Pokémon, circling overhead. Honchkrow, known for its bossy demeanor, landed nearby and demanded that Cacnea relinquish its sunny spot. Cacnea, however, stood its ground, determined to protect its peaceful oasis. Suddenly, Togetic, a small, winged Pokémon with a kind heart, fluttered down between them. Using its Serene Grace ability, Togetic calmed the tense atmosphere, suggesting a compromise. Togetic proposed that Honchkrow and Cacnea share the space, with Honchkrow using its wings to provide shade for Cacnea during the hottest hours. The unlikely trio found harmony, learning to respect each other's needs and creating a unique friendship in the heart of the desert."
Poliwag,Seaking,Tentacool,"Poliwag was happily swimming in a clear stream when it noticed Tentacool, drifting listlessly. Tentacool had been separated from its school during a storm and was feeling lost and disoriented. Just then, Seaking, a majestic goldfish Pokémon, emerged from the depths of the stream. Using its Lightning Rod ability, Seaking sensed an approaching electric storm and warned Poliwag and Tentacool to seek shelter. Together, the three Pokémon found refuge in a hidden cave, where they waited out the storm. As they huddled together, they discovered a shared appreciation for the water and a desire to protect their aquatic home, forging an unexpected bond of friendship."
Deoxys-normal,Fearow,Nidoqueen,"Deoxys-normal, phasing in and out of reality, landed near a Fearow's nest. The Fearow, startled, shrieked a warning, but Nidoqueen emerged, sensing the alien presence. A battle of cosmic power versus earthbound might ensued, the Fearow caught in the middle, desperately trying to avoid the crossfire as Deoxys-normal and Nidoqueen clashed."
Poliwhirl,Lotad,Magby,"Poliwhirl, enjoying a swim, bumped into a Lotad, who was peacefully floating. Suddenly, a Magby appeared, its flame body heating the water. The three Pokémon, startled by the sudden heat, had to work together to find a cooler spot, learning to appreciate each other's unique abilities in the process."
Dragapult,Kartana,Togekiss,"Dragapult was soaring through the sky when it spotted Kartana, seemingly lost and confused in a dense forest. Togekiss, known for its kind heart, offered to help guide Kartana. Dragapult, initially wary, eventually joined in the effort, and together, the three Pokémon navigated the forest, showcasing the power of cooperation."
Tyrunt,Crabominable,Mismagius,"Tyrunt, with its strong jaw, was gnawing on a rock when Crabominable lumbered into view, looking for a sparring partner. Mismagius, floating nearby, watched with amusement as the two powerful Pokémon began to battle, their contrasting strengths and weaknesses making for an exciting display of power and skill."
Buneary,Staraptor,Munchlax,"Buneary hopped through a field, finding a stash of berries that Munchlax was eyeing greedily. Staraptor swooped down, hoping to snatch a berry for itself. A comical chase ensued, with Buneary trying to protect the berries, Munchlax trying to devour them, and Staraptor trying to outmaneuver them both, resulting in a chaotic but fun-filled adventure."
Fearow,Shuppet,Komala,"In the heart of a silent forest, Fearow, with its piercing gaze, spotted an unusual sight. A Shuppet was attempting to lift a sleeping Komala from its log. Fearow, intrigued, watched as Shuppet struggled, the Komala seemingly immune to the ghost's efforts due to its comatose state. Fearow swooped down, startling Shuppet, and offered to help, thinking it was a rescue mission. Together, the unlikely duo managed to move Komala, only to realize they had no idea where to take it, highlighting the absurdity of their impromptu alliance."
Cutiefly,Patrat,Ivysaur,"Cutiefly, buzzing with energy, flitted around Ivysaur's bulb, attracted to the sweet nectar. Patrat, ever vigilant, noticed the interaction, his keen eyes spotting potential danger. He warned Ivysaur, who, annoyed by the interruption, swatted Patrat away with a vine. Cutiefly, sensing the tension, used its fairy powers to create a moment of levity, showering both Ivysaur and Patrat with shimmering dust, momentarily easing the conflict and reminding them of the simple joys of the forest."
Pidgeot,Corviknight,Morgrem,"High above the Galar region, Pidgeot soared, its keen eyes scanning the landscape. It spotted Corviknight, a majestic sight with its steel armor gleaming in the sun. Suddenly, a mischievous Morgrem appeared, attempting to play a trick on the unsuspecting Corviknight. Pidgeot, witnessing the scene, intervened, using Gust to disrupt Morgrem's prank. Corviknight, grateful for the assistance, offered Pidgeot a ride, forming an unlikely alliance against the mischievous forces of the region."
Venusaur,Watchog,Bounsweet,"Venusaur, basking in the sun, provided shade for a tiny Bounsweet. Watchog, ever the observant protector, kept a close eye on the pair. When a sudden rainstorm threatened, Venusaur extended its large leaves to shield Bounsweet, while Watchog used its illuminated eyes to guide them to a nearby cave. Together, the trio found shelter, showcasing the harmonious blend of strength, care, and vigilance in the Pokémon world."
Emboar,Gloom,Octillery,"Emboar, a behemoth of fire and might, was relaxing by a river when he noticed Gloom struggling to reach a high-hanging branch of berries. Octillery, lurking in the water, saw an opportunity to help. It used its suction cups to climb a nearby tree and, with a well-aimed shot of water, knocked the berries down for Gloom. Emboar, impressed by Octillery's ingenuity and Gloom's gratitude, shared some of his own stash of roasted berries, creating a bond of unexpected camaraderie."
Milcery,Skitty,Vigoroth,"In a quaint meadow, Milcery, the Cream Pokémon, discovered an unlikely friend in Skitty, the Kitten Pokémon. One sunny afternoon, while playing hide-and-seek, they stumbled upon Vigoroth, the Wild Monkey Pokémon, napping under a large tree. Intrigued, Milcery offered Vigoroth a dollop of its sweet cream, while Skitty playfully batted at Vigoroth's tail. The once-sleepy Vigoroth awoke with a start, initially startled but soon charmed by the friendly gestures. Together, the trio embarked on a series of whimsical adventures, exploring the meadow and discovering the joys of friendship in the most unexpected of places."
Gothita,Swalot,Amoonguss,"In a dense, overgrown forest, Gothita, the Fixation Pokémon, was engrossed in studying the strange patterns of the leaves. Suddenly, Swalot, the Poison Bag Pokémon, emerged from the shadows, its large mouth agape. Gothita, initially frightened, stood her ground, her psychic powers sensing Swalot's loneliness. Just then, Amoonguss, the Mushroom Pokémon, rolled into view, its spores scattering around them. Amoonguss, sensing the tension, offered a friendly smile and a spore-filled hug, easing the atmosphere. Together, the three Pokémon, each unique in their own way, embarked on a journey to understand and appreciate their differences, learning to coexist in the diverse ecosystem of the forest."
Gliscor,Delcatty,Feraligatr,"In the heart of a lush jungle, Gliscor, the Fang Scorpion Pokémon, soared through the canopy, its keen eyes scanning the landscape below. Suddenly, it spotted Delcatty, the Prim Pokémon, delicately grooming itself by a tranquil pond. As Gliscor descended to greet Delcatty, a massive shadow loomed over them. Feraligatr, the Big Jaw Pokémon, emerged from the water, its powerful jaws snapping shut with a thunderous roar. United by their shared sense of danger, Gliscor and Delcatty stood side-by-side, ready to face the fearsome Feraligatr. Together, they discovered the strength that lies in unity, overcoming their initial fear and forging an unbreakable bond in the face of adversity."
Pineco,Espeon,Pineco,"In a serene forest clearing, two Pineco were idly hanging from the branches of a sturdy oak tree, camouflaged in their pinecone-like shells. One day, Espeon, the Sun Pokémon, with its radiant presence, wandered into their peaceful abode. Intrigued by the motionless Pineco, Espeon approached cautiously, its psychic abilities sensing their hidden potential. With a gentle nudge, Espeon encouraged the Pineco to embrace their adventurous side, leading them on a journey of self-discovery through the forest. Together, the trio explored the wonders of the natural world, learning to overcome their fears and embracing the beauty of friendship in the heart of the wilderness."
Porygon2,Sunkern,Jynx,"In the bustling metropolis of Neon City, Porygon2, the Virtual Pokémon, glided through the digital landscape, its code adapting to the ever-changing environment. One day, it encountered Sunkern, the Seed Pokémon, struggling to find sunlight amidst the towering skyscrapers. Sympathetic to Sunkern's plight, Porygon2 used its programming skills to create a virtual sun, bathing Sunkern in warmth and light. Just then, Jynx, the Human Shape Pokémon, appeared, her icy presence contrasting with the artificial warmth. Intrigued by their unusual friendship, Jynx offered to use her psychic abilities to help Sunkern communicate with the plants in the city, fostering a sense of harmony between nature and technology. Together, the trio embarked on a mission to bring balance and understanding to the vibrant, yet often chaotic, world of Neon City."
