Image 1,Image 2,Joke
examples/icon_jokes/images/i9.png,examples/icon_jokes/images/i7.png,
examples/icon_jokes/images/i7.png,examples/icon_jokes/images/i5.png,
examples/icon_jokes/images/i2.png,examples/icon_jokes/images/i3.png,
examples/icon_jokes/images/i5.png,examples/icon_jokes/images/i11.png,
examples/icon_jokes/images/i11.png,examples/icon_jokes/images/i2.png,
examples/icon_jokes/images/i8.png,examples/icon_jokes/images/i10.png,
examples/icon_jokes/images/i4.png,examples/icon_jokes/images/i6.png,
examples/icon_jokes/images/i10.png,examples/icon_jokes/images/i9.png,
examples/icon_jokes/images/i3.png,examples/icon_jokes/images/i4.png,
examples/icon_jokes/images/i1.png,examples/icon_jokes/images/i8.png,
examples/icon_jokes/images/i6.png,examples/icon_jokes/images/i1.png,
examples/icon_jokes/images/i2.png,examples/icon_jokes/images/i10.png,
examples/icon_jokes/images/i7.png,examples/icon_jokes/images/i9.png,
examples/icon_jokes/images/i11.png,examples/icon_jokes/images/i4.png,
examples/icon_jokes/images/i6.png,examples/icon_jokes/images/i7.png,